{
    "rgb-video-quality-assessment": {
        "./evaluation/sensor_database/inlab/rgb/20231116/00.avi": 0.043011620739013504,
        "./evaluation/sensor_database/inlab/rgb/20231116/01.avi": 0.49188059461841427,
        "./evaluation/sensor_database/inlab/rgb/20231116/02.avi": 0.5163721874995594,
        "./evaluation/sensor_database/inlab/rgb/20231116/03.avi": 0.5108959037936136,
        "./evaluation/sensor_database/inlab/rgb/20231116/04.avi": 0.508260726558955,
        "./evaluation/sensor_database/inlab/rgb/20231116/05.avi": 0.5074285452706473,
        "./evaluation/sensor_database/inlab/rgb/20231116/06.avi": 0.5220935571761358,
        "./evaluation/sensor_database/inlab/rgb/20231116/07.mp4": 0.3799982901909915,
        "./evaluation/sensor_database/inlab/rgb/20231116/08.avi": 0.511106448422233,
        "./evaluation/sensor_database/inlab/rgb/20231116/09.avi": 0.5112443336046824,
        "./evaluation/sensor_database/inlab/rgb/20231116/10.mp4": 0.3745249786102306,
        "./evaluation/sensor_database/inlab/rgb/20231116/11.avi": 0.5152070717980163,
        "./evaluation/sensor_database/inlab/rgb/20231116/12.avi": 0.4978172483991404,
        "./evaluation/sensor_database/inlab/rgb/20231116/13.avi": 0.5096426150550141,
        "./evaluation/sensor_database/inlab/rgb/20231116/14.avi": 0.5100339699010488,
        "./evaluation/sensor_database/inlab/rgb/20231116/15.avi": 0.5133207999851527,
        "./evaluation/sensor_database/inlab/rgb/20231116/17.avi": 0.04274321723788237,
        "./evaluation/sensor_database/inlab/rgb/20231116/18.avi": 0.5141465006713265,
        "./evaluation/sensor_database/inlab/rgb/20231116/19.avi": 0.04275755186989324,
        "./evaluation/sensor_database/inlab/rgb/20231116/20.avi": 0.5103439855412012,
        "./evaluation/sensor_database/inlab/rgb/20231116/21.avi": 0.04290358894548126,
        "./evaluation/sensor_database/inlab/rgb/20231116/22.avi": 0.042611499607958465
    },
    "depth-video-quality-assessment": {
        "./evaluation/sensor_database/inlab/dep/20231116/00.avi": 71.54900472550165,
        "./evaluation/sensor_database/inlab/dep/20231116/01.avi": 72.60673714308452,
        "./evaluation/sensor_database/inlab/dep/20231116/02.avi": 70.26023387862588,
        "./evaluation/sensor_database/inlab/dep/20231116/03.avi": 72.12971248870853,
        "./evaluation/sensor_database/inlab/dep/20231116/04.avi": 69.91547766776857,
        "./evaluation/sensor_database/inlab/dep/20231116/05.avi": 70.16414568602944,
        "./evaluation/sensor_database/inlab/dep/20231116/06.avi": 76.84715648387177,
        "./evaluation/sensor_database/inlab/dep/20231116/07.mp4": 62.22166734379327,
        "./evaluation/sensor_database/inlab/dep/20231116/08.avi": 83.17576492621161,
        "./evaluation/sensor_database/inlab/dep/20231116/09.avi": 70.86067096878045,
        "./evaluation/sensor_database/inlab/dep/20231116/10.mp4": 63.6779516665783,
        "./evaluation/sensor_database/inlab/dep/20231116/11.avi": 70.17640686639065,
        "./evaluation/sensor_database/inlab/dep/20231116/12.avi": 71.85184222389441,
        "./evaluation/sensor_database/inlab/dep/20231116/13.avi": 70.77450310558936,
        "./evaluation/sensor_database/inlab/dep/20231116/14.avi": 71.4852042154273,
        "./evaluation/sensor_database/inlab/dep/20231116/15.avi": 70.67907332371085,
        "./evaluation/sensor_database/inlab/dep/20231116/17.avi": 71.64261680753843,
        "./evaluation/sensor_database/inlab/dep/20231116/18.avi": 77.46354999389281,
        "./evaluation/sensor_database/inlab/dep/20231116/19.avi": 72.65934163624053,
        "./evaluation/sensor_database/inlab/dep/20231116/20.avi": 78.56476460609073,
        "./evaluation/sensor_database/inlab/dep/20231116/21.avi": 73.17712836607122,
        "./evaluation/sensor_database/inlab/dep/20231116/22.avi": 69.34063020248645
    }
}