{
    "object-detection-rgb-yolo-(64, 3, 256, 256)": 44.781797376,
    "object-detection-rgb-tracker-(64, 3, 224, 224)": 20.87723008,
    "object-detection-rgb-yolo-(47, 3, 256, 256)": 32.886632448,
    "object-detection-rgb-tracker-(47, 3, 224, 224)": 15.33171584,
    "human-activity-classification-rgb-(1, 3, 8, 224, 224)": 14.588297216,
    "object-detection-rgb-yolo-(38, 3, 256, 256)": 26.589192192,
    "object-detection-rgb-tracker-(38, 3, 224, 224)": 12.39585536,
    "object-detection-rgb-yolo-(11, 3, 256, 256)": 7.696871424,
    "object-detection-rgb-tracker-(11, 3, 224, 224)": 3.58827392,
    "object-detection-rgb-yolo-(30, 3, 256, 256)": 20.99146752,
    "object-detection-rgb-tracker-(30, 3, 224, 224)": 9.7862016,
    "object-detection-rgb-yolo-(59, 3, 256, 256)": 41.283219456,
    "object-detection-rgb-tracker-(59, 3, 224, 224)": 19.24619648,
    "object-detection-rgb-yolo-(49, 3, 256, 256)": 34.286063616,
    "object-detection-rgb-tracker-(49, 3, 224, 224)": 15.98412928,
    "object-detection-rgb-yolo-(44, 3, 256, 256)": 30.787485696,
    "object-detection-rgb-tracker-(44, 3, 224, 224)": 14.35309568,
    "object-detection-depth-yolo-(64, 3, 256, 256)": 41.396207616,
    "object-detection-depth-tracker-(64, 3, 224, 224)": 20.87723008,
    "object-detection-depth-yolo-(44, 3, 256, 256)": 28.459892736,
    "object-detection-depth-tracker-(44, 3, 224, 224)": 14.35309568,
    "human-activity-classification-depth-(1, 3, 8, 224, 224)": 14.588297216,
    "object-detection-rgb-yolo-(36, 3, 256, 256)": 25.189761024,
    "object-detection-rgb-tracker-(36, 3, 224, 224)": 11.74344192,
    "object-detection-depth-yolo-(36, 3, 256, 256)": 23.285366784,
    "object-detection-depth-tracker-(36, 3, 224, 224)": 11.74344192,
    "object-detection-rgb-yolo-(16, 3, 256, 256)": 11.195449344,
    "object-detection-rgb-tracker-(16, 3, 224, 224)": 5.21930752,
    "object-detection-rgb-yolo-(42, 3, 256, 256)": 29.388054528,
    "object-detection-rgb-tracker-(42, 3, 224, 224)": 13.70068224,
    "object-detection-rgb-yolo-(60, 3, 256, 256)": 41.98293504,
    "object-detection-rgb-tracker-(60, 3, 224, 224)": 19.5724032,
    "object-detection-rgb-yolo-(40, 3, 256, 256)": 27.98862336,
    "object-detection-rgb-tracker-(40, 3, 224, 224)": 13.0482688,
    "object-detection-depth-yolo-(22, 3, 256, 256)": 14.229946368,
    "object-detection-depth-tracker-(22, 3, 224, 224)": 7.17654784,
    "object-detection-rgb-yolo-(24, 3, 256, 256)": 16.793174016,
    "object-detection-rgb-tracker-(24, 3, 224, 224)": 7.82896128,
    "object-detection-depth-yolo-(37, 3, 256, 256)": 23.932182528,
    "object-detection-depth-tracker-(37, 3, 224, 224)": 12.06964864,
    "object-detection-rgb-yolo-(12, 3, 256, 256)": 8.396587008,
    "object-detection-rgb-tracker-(12, 3, 224, 224)": 3.91448064,
    "object-detection-depth-yolo-(33, 3, 256, 256)": 21.344919552,
    "object-detection-depth-tracker-(33, 3, 224, 224)": 10.76482176,
    "object-detection-depth-yolo-(39, 3, 256, 256)": 25.225814016,
    "object-detection-depth-tracker-(39, 3, 224, 224)": 12.72206208,
    "object-detection-depth-yolo-(20, 3, 256, 256)": 12.93631488,
    "object-detection-depth-tracker-(20, 3, 224, 224)": 6.5241344,
    "object-detection-depth-yolo-(2, 3, 256, 256)": 1.293631488,
    "object-detection-depth-tracker-(2, 3, 224, 224)": 0.65241344,
    "object-detection-depth-yolo-(30, 3, 256, 256)": 19.40447232,
    "object-detection-depth-tracker-(30, 3, 224, 224)": 9.7862016,
    "object-detection-rgb-yolo-(19, 3, 256, 256)": 13.294596096,
    "object-detection-rgb-tracker-(19, 3, 224, 224)": 6.19792768,
    "object-detection-rgb-yolo-(55, 3, 256, 256)": 38.48435712,
    "object-detection-rgb-tracker-(55, 3, 224, 224)": 17.9413696,
    "object-detection-depth-yolo-(24, 3, 256, 256)": 15.523577856,
    "object-detection-depth-tracker-(24, 3, 224, 224)": 7.82896128,
    "object-detection-rgb-yolo-(61, 3, 256, 256)": 42.682650624,
    "object-detection-rgb-tracker-(61, 3, 224, 224)": 19.89860992,
    "object-detection-depth-yolo-(47, 3, 256, 256)": 30.400339968,
    "object-detection-depth-tracker-(47, 3, 224, 224)": 15.33171584,
    "object-detection-rgb-yolo-(39, 3, 256, 256)": 27.288907776,
    "object-detection-rgb-tracker-(39, 3, 224, 224)": 12.72206208,
    "object-detection-rgb-yolo-(33, 3, 256, 256)": 23.090614272,
    "object-detection-rgb-tracker-(33, 3, 224, 224)": 10.76482176,
    "object-detection-rgb-yolo-(54, 3, 256, 256)": 37.784641536,
    "object-detection-rgb-tracker-(54, 3, 224, 224)": 17.61516288,
    "object-detection-rgb-yolo-(15, 3, 256, 256)": 10.49573376,
    "object-detection-rgb-tracker-(15, 3, 224, 224)": 4.8931008,
    "object-detection-rgb-yolo-(2, 3, 256, 256)": 1.399431168,
    "object-detection-rgb-tracker-(2, 3, 224, 224)": 0.65241344,
    "object-detection-rgb-yolo-(58, 3, 256, 256)": 40.583503872,
    "object-detection-rgb-tracker-(58, 3, 224, 224)": 18.91998976,
    "object-detection-depth-yolo-(40, 3, 256, 256)": 25.87262976,
    "object-detection-depth-tracker-(40, 3, 224, 224)": 13.0482688,
    "object-detection-depth-yolo-(7, 3, 256, 256)": 4.527710208,
    "object-detection-depth-tracker-(7, 3, 224, 224)": 2.28344704,
    "object-detection-depth-yolo-(13, 3, 256, 256)": 8.408604672,
    "object-detection-depth-tracker-(13, 3, 224, 224)": 4.24068736,
    "object-detection-depth-yolo-(43, 3, 256, 256)": 27.813076992,
    "object-detection-depth-tracker-(43, 3, 224, 224)": 14.02688896,
    "object-detection-rgb-yolo-(37, 3, 256, 256)": 25.889476608,
    "object-detection-rgb-tracker-(37, 3, 224, 224)": 12.06964864,
    "object-detection-rgb-yolo-(4, 3, 256, 256)": 2.798862336,
    "object-detection-rgb-tracker-(4, 3, 224, 224)": 1.30482688,
    "object-detection-rgb-yolo-(51, 3, 256, 256)": 35.685494784,
    "object-detection-rgb-tracker-(51, 3, 224, 224)": 16.63654272,
    "object-detection-rgb-yolo-(17, 3, 256, 256)": 11.895164928,
    "object-detection-rgb-tracker-(17, 3, 224, 224)": 5.54551424,
    "object-detection-rgb-yolo-(52, 3, 256, 256)": 36.385210368,
    "object-detection-rgb-tracker-(52, 3, 224, 224)": 16.96274944,
    "object-detection-rgb-yolo-(57, 3, 256, 256)": 39.883788288,
    "object-detection-rgb-tracker-(57, 3, 224, 224)": 18.59378304,
    "object-detection-rgb-yolo-(45, 3, 256, 256)": 31.48720128,
    "object-detection-rgb-tracker-(45, 3, 224, 224)": 14.6793024,
    "object-detection-depth-yolo-(27, 3, 256, 256)": 17.464025088,
    "object-detection-depth-tracker-(27, 3, 224, 224)": 8.80758144,
    "object-detection-depth-yolo-(11, 3, 256, 256)": 7.114973184,
    "object-detection-depth-tracker-(11, 3, 224, 224)": 3.58827392,
    "object-detection-depth-yolo-(50, 3, 256, 256)": 32.3407872,
    "object-detection-depth-tracker-(50, 3, 224, 224)": 16.310336,
    "object-detection-depth-yolo-(51, 3, 256, 256)": 32.987602944,
    "object-detection-depth-tracker-(51, 3, 224, 224)": 16.63654272,
    "object-detection-depth-yolo-(16, 3, 256, 256)": 10.349051904,
    "object-detection-depth-tracker-(16, 3, 224, 224)": 5.21930752,
    "object-detection-depth-yolo-(19, 3, 256, 256)": 12.289499136,
    "object-detection-depth-tracker-(19, 3, 224, 224)": 6.19792768,
    "object-detection-depth-yolo-(45, 3, 256, 256)": 29.10670848,
    "object-detection-depth-tracker-(45, 3, 224, 224)": 14.6793024,
    "object-detection-depth-yolo-(57, 3, 256, 256)": 36.868497408,
    "object-detection-depth-tracker-(57, 3, 224, 224)": 18.59378304,
    "object-detection-depth-yolo-(4, 3, 256, 256)": 2.587262976,
    "object-detection-depth-tracker-(4, 3, 224, 224)": 1.30482688,
    "object-detection-depth-yolo-(58, 3, 256, 256)": 37.515313152,
    "object-detection-depth-tracker-(58, 3, 224, 224)": 18.91998976,
    "object-detection-depth-yolo-(61, 3, 256, 256)": 39.455760384,
    "object-detection-depth-tracker-(61, 3, 224, 224)": 19.89860992,
    "object-detection-depth-yolo-(17, 3, 256, 256)": 10.995867648,
    "object-detection-depth-tracker-(17, 3, 224, 224)": 5.54551424,